ID,post_author,post_date,post_date_gmt,post_content
2559,1,2013-05-04 06:10:29,2013-05-04 06:10:29,"Hermoso Arreglo en Rosado y Blanco que expresara tus sentimientos de manera facil, contiene rosas y calas blancas, todas juntas en un elegante jarrón de cerámica.

<strong>la rosa roja</strong> tiene encanto... Ninguna flor ha sabido tocar tan profundamente tantos corazones! Evoca un sentimiento romántico, pensamientos de pasión, trasmite el significado del amor...

<strong>La flor de cala</strong> se regala para expresar pureza, simpatía o reconocimiento. Los antiguos romanos solían mantener las calas dentro de la casa y, cuando florecían, era la señal de la incipiente primavera."
1171,1,2013-03-31 01:04:41,2013-03-31 01:04:41,"Inspirado en los colores cálidos y frescos de nuestro valle, una reunión de rosas, lilis y astroemerias dentro de una jarra muy elegante de vidrio."
1176,1,2013-03-31 01:11:06,2013-03-31 01:11:06,"Despeja el cielo con este hermoso arreglo de rosas frescas, astroemerias y claveles de tonos amarillos en un hermoso jarrón
blanco de cerámica."
1180,1,2013-03-31 01:14:29,2013-03-31 01:14:29,"Sabemos lo que desean en ese dia especial, un arreglo original con selectas y vibrantes rosas, margaritas, liliums y alstroemerias en un hermoso y elegante jarron de vidrio.

&nbsp;"
1184,1,2013-03-31 01:16:41,2013-03-31 01:16:41,"Diseñado para endulzar cualquier día  este fino arreglo contiene rosas imponentes, liliums perfumados y hermosos claveles en vibrantes tonos rosados, en un elegante florero de cerámica blanco, acentuado con una hermosa cinta rosada de seda.

Un hermoso arreglo para esa persona tan especial.

* Tratamos de seleccionar las flores mas frescas disponibles por lo tanto los colores pueden variar.
* Algunos Liliums pueden arribar en forma de capullo, los cuales florecerán en los siguientes 2-3 días."
1192,1,2013-03-31 22:44:14,2013-03-31 22:44:14,
2176,1,2013-03-31 23:06:15,2013-03-31 23:06:15,Imported suede.
2555,1,2013-05-04 05:59:46,2013-05-04 05:59:46,"Hermoso Arreglo en Rosado y Blanco que expresara tus sentimientos de manera facil, contiene liliums, rosas, margaritas, mini claveles, todas juntas en un elegante jarron de ceramica.

<strong>El Lilium blanco </strong>representa pureza, inocencia y alegría. El amarillo belleza única.

<strong>Las Rosas Rosadas </strong> Nos hace sentir cariño, amor y protección. También nos aleja de la soledad y nos convierte en personas sensibles.

<strong>Las Margaritas color rosa</strong> provocan admiración y simpatía, haciendo de ellas flores que se suelen dar como acto de amistad, símbolo de gratitud y se suelen dar como agradecimiento."
2356,1,2013-04-08 17:22:40,2013-04-08 17:22:40,"Has que su día sea inolvidable con este hermoso arreglo de rosas rosadas y rosas color durazno, contrastadas con delfinios morados de tono suave y señoritas blancas. Este ramo está además elaborado con verdes que acompañan las flores y realzan su belleza y presentación."
2360,1,2013-04-08 17:31:43,2013-04-08 17:31:43,"Envuélvela de alegría con este arreglo original, frescas rosas, liliums blancos salpicados de rosa, margaritas y splashes de caspia y verde para realzar la belleza de estas flores juntas en un elegante jarrón de cerámica.

&nbsp;"
2366,1,2013-04-08 17:38:45,2013-04-08 17:38:45,"Bello, elegante y fresco...un magnífico bouquet compuesto por liliums estrellados ligeramente perfumados, un regalo inolvidable para cualquier ocasión. vienen en una hermosa jarra reusable de vidrio.

Los liliums son por antonomasia la flor de la elegancia, representan el lujo y la belleza"
2371,1,2013-04-08 17:45:20,0000-00-00 00:00:00,"Maravilloso arreglo de tiernas rosas, liliums, claveles especiales, delfinios y flor papelillo de tono violeta. Los colores naturales y delicados de estas flores convierten a este bouquet en uno de los más tiernos y elegantes de nuestro catálogo. vienen en una hermosa jarra reusable de vidrio."
2376,1,2013-04-08 18:00:12,2013-04-08 18:00:12,Expresa perfectamente tus sentimientos con este hermoso bouquet de 24 rosas frescas. Este elegante arreglo viene presentada en una hermosa jarra de cristal reusable.
2398,1,2013-04-16 06:06:40,2013-04-16 06:06:40,"Un elegante arreglo diseñado para deleitar a los sentidos con fragantes liliums blancos, románticas rosas rosadas, mini claveles y dragones rosados en una."
2662,1,2013-05-10 18:52:35,2013-05-10 18:52:35,"Tarta de pasta flora, relleno y decorado con quesocrema, mousse, mermelada y trozos de fresas"
2411,1,2013-04-16 07:07:56,2013-04-16 07:07:56,"Maravilloso arreglo de tiernas rosas naranja, mini claveles amarillos, margaritas y follaje verde, original diseño que irradia alegría y buenos deseos en una vasija clásica de vidrio adornada con una cinta de tonos naranja. muy elegante!"
2444,1,2013-04-22 05:58:11,2013-04-22 05:58:11,"Este fino arreglo contiene rosas fucsia que sobresalen entre claveles rojos, mini claveles rosados y follaje verde, una perfecta combinación, viene en una elegante jarra de cristal."
2451,1,2013-04-22 06:12:36,2013-04-22 06:12:36,"Una tradición que emana amor y belleza con cada una de ellas, una docena de las rosas mas frescas de la temporada, escogidas a la perfección en un jarrón hermosa de vidrio."
2459,1,2013-04-22 06:37:23,2013-04-22 06:37:23,"Llena el día de tu corazón don rayos de sol cuando reciba este hermoso bouquet de rosas amarillas, inigualable símbolo de alegría  Este arreglo viene en un elegante florero de cerámica blanco."
2464,1,2013-04-22 19:47:16,2013-04-22 19:47:16,"Maravilloso arreglo de tiernas rosas, liliums, claveles especiales, delfinios y flor papelillo de tono violeta. Los colores naturales y delicados de estas flores convierten a este bouquet en uno de los más  tiernos y elegantes de nuestro catálogo. vienen en una hermosa jarra reusable de vidrio."
2681,1,2013-05-12 13:41:21,2013-05-12 13:41:21,
2694,1,2013-05-14 17:34:10,2013-05-14 17:34:10,"Composición varietal: malbec 100%
Crianza: 12 meses - 40% en barricas de roble francés.

NOTAS DE CATA
Rojo violáceo. Aroma a violetas y sabores a especias dulces, ciruelas y frutillas. De textura sedosa y final prolongado y fresco.

MARIDAJES Y SERVICIO
Acompaña bien carnes rojas o de cerdo asadas, pastas o aves con salsas cremosas y quesos semi duros. Servir a 18°C."
2711,1,2013-05-14 18:08:40,2013-05-14 18:08:40,"Composición varietal: cabernet sauvignon 100%
Crianza: 12 meses - 40% en barricas de roble francés.

NOTAS DE CATA
De color rojo violáceo oscuro. Sabores a moras, especias y pimentón. Excelente expresión varietal. Textura suave, final fresco y prolongado.

MARIDAJES Y SERVICIO
Acompaña bien carnes rojas asadas, cordero con hierbas y especias y pastas rellenas. Quesos duros y semi duros. Servir a 18°C."
2743,1,2013-05-15 01:01:46,2013-05-15 01:01:46,
2803,1,2013-05-21 22:23:27,2013-05-21 22:23:27,
2993,1,2014-03-19 01:26:19,2014-03-19 06:26:19,"<code>[schema type=""product"" url=""http://cuscoflores.com/products/canasta-de-chocolates/"" name=""Canasta de chocolates"" description=""Una seleccion fina de chocolates y bombones, el regalo más dulce"" brand=""Ghirardelli Ferrero Rocher ChocoMuseo La Iberica"" price=""$68.00"" condition=""New"" ]</code>Una seleccion fina de chocolates y bombones, incluye:
Ferrero Rocher, Bombones con relleno cremoso y avellana entera. 8 unidades.
Bombones surtidos La Iberica 150gr. Gaufrette, Jalea, Piel de Naranja Confitada, Toffee, Turrón, Crema de Leche, Mazapán, Coco, Castaña, Crema de Chocolate y Crema de Menta, cubiertos con chocolate bíter.
Ghirardelli Intense Dark Twilight Delight Bar 72% Cacao. 100gr.
Ghirardelli Dark &amp; Caramel Filled Bar, 100gr. intenso 60% cacao con relleno de caramel.
ChocoMuseo Organic Milk Chocolate con almendras.
ChocoMuseo Organic Dark 70% cacao Chocolate con Aji, que combinacion! ya te lo contaran!
ChocoMuseo Naranjas confitadas banadas en chocolate.
ChocoMuseo Organic CocoMallow, Marshmellow con chocolate, 6 unid.
El regalo mas dulce."
